{"cameraMode":{"drawMode":0,"name":"Shaded","section":"Shading Mode"},"sceneLighting":true,"audioPlay":false,"sceneViewState":{"showFog":true,"showMaterialUpdate":false,"showSkybox":true,"showFlares":true,"showImageEffects":true,"showParticleSystems":true},"in2DMode":false,"pivot":{"x":-8.121781349182129,"y":-0.9886808395385742,"z":-3.898599624633789},"rotation":{"x":0.12654803693294526,"y":-0.2801322042942047,"z":0.037282515317201617,"w":0.9508531093597412},"size":33.569095611572269,"orthographic":false}