{"cameraMode":{"drawMode":0,"name":"Shaded","section":"Shading Mode"},"sceneLighting":true,"audioPlay":false,"sceneViewState":{"showFog":true,"showMaterialUpdate":false,"showSkybox":true,"showFlares":true,"showImageEffects":true,"showParticleSystems":true},"in2DMode":false,"pivot":{"x":1.5192885398864747,"y":10.117012023925782,"z":-2.5535402297973635},"rotation":{"x":-0.24234257638454438,"y":0.015131952241063118,"z":-0.0037802294827997686,"w":-0.9700653553009033},"size":39.09544372558594,"orthographic":false}